# metadata.csv -- drop this beside your data on the Import data page, or among read files on
# the Run breseq page, to say where each sample sits. Lines starting with # are ignored.
#
# sample_id   the sample's ID within its population (763A, 1-1, clone7)
# population  the population or lineage (Ara-2, 3, wt). Leave blank, with time_point blank
#             too, for a sample that is not placed yet.
# time_point  a whole number: generations, transfers, days -- whatever your series counts in.
# sample_type optional: population or mixed for a sample of many genotypes, clone or
#             individual or isolate for one. Blank keeps what the data says (breseq's -p).
# treatment   optional: the condition the sample was grown under (a medium, a temperature,
#             a drug), a label that groups samples across populations. Blank leaves it.
# label       optional: what the sample is called throughout the site in place of its
#             coordinate. Blank means none.
# hypermutator, contaminated, low_coverage
#             optional flags: yes or no. Blank leaves the flag as it is.
# data        which inputs this row places: a breseq results folder's name, a .gd or VCF
#             filename (the extension may be left off), or a read file's name or a stem
#             shared by its mates. Several in one cell, separated by ; -- or repeat the row
#             with the same sample_id, population and time_point.
#
# A file written with the older headers "sample" and "description" still reads the same.
# The same fields may be written into a .gd (#=SAMPLE, #=POPULATION, #=TIME, #=SAMPLE_TYPE,
# #=TREATMENT) or a VCF (##sample=, ##population=, ##generation=, ##sample_type=,
# ##treatment=) instead. A row here outranks a file's header, and a header outranks the
# filename.
sample_id,population,time_point,sample_type,treatment,label,hypermutator,contaminated,low_coverage,data
